epoch,loss,acc
1,3.242835283279419,0.1658296138048172
